roc_auc,pr_auc,brier_score,n
0.8624097849383751,0.44554839531592005,0.06344065303811645,81251
